customer_id,name,email,phone_number,birthyear
1,Darill Tippett,dtippett0@multiply.com,709-998-0719,1971
2,Marijo Cottell,mcottell1@odnoklassniki.ru,846-252-6226,1940
3,Pincus Jans,pjans2@loc.gov,427-544-7117,1971
4,Richart Linton,rlinton3@cafepress.com,951-994-5129,1945
5,Thom Dummett,tdummett4@usnews.com,413-285-3465,1973
6,Ase Ferenczy,aferenczy5@nbcnews.com,789-715-3932,1948
7,Jennifer McGilleghole,jmcgilleghole6@domainmarket.com,358-618-0426,1975
8,Madelin Merrill,mmerrill7@hubpages.com,259-921-0458,1975
9,Pammi Troy,ptroy8@topsy.com,554-972-7342,1964
10,Martica Stansall,mstansall9@army.mil,893-595-4994,2009
11,Ashley Locks,alocksa@yandex.ru,971-902-5327,1943
12,Lainey Tuffield,ltuffieldb@answers.com,715-462-9647,1973
13,Chandler Tripony,ctriponyc@cbc.ca,915-888-1657,2023
14,Mellie Longworthy,mlongworthyd@ebay.co.uk,997-905-3206,1952
15,Gabey Mathiasen,gmathiasene@ning.com,620-147-6946,2004
16,Mordy Carsberg,mcarsbergf@yahoo.com,301-555-7626,1937
17,Gregor Raccio,gracciog@blinklist.com,715-661-3823,1987
18,Raquel Doctor,rdoctorh@pcworld.com,394-663-0298,1955
19,Alena Dell,adelli@a8.net,449-990-8434,1968
20,Blake Jansema,bjansemaj@amazon.co.jp,691-277-6052,1997
21,Gertrudis Challis,gchallisk@ow.ly,670-636-4230,1942
22,Arri Chittenden,achittendenl@oracle.com,252-100-6539,1955
23,Fonzie Copland,fcoplandm@irs.gov,257-743-7930,1952
24,Lucilia Moiser,lmoisern@cnbc.com,600-461-1542,1941
25,Avigdor Vennart,avennarto@gizmodo.com,426-942-1043,1962
26,Gretchen Bloschke,gbloschkep@w3.org,967-317-5965,1998
27,Shell Raleston,sralestonq@exblog.jp,714-521-2479,2024
28,Kalli Dinjes,kdinjesr@163.com,908-539-4042,1957
29,Cort Whisker,cwhiskers@phoca.cz,133-633-3968,1932
30,Darrelle Seddon,dseddont@irs.gov,282-653-3661,1970
31,Wyatan Tatterton,wtattertonu@people.com.cn,236-344-8833,1934
32,Shirl Brose,sbrosev@domainmarket.com,450-175-3353,1995
33,Jennie Attride,jattridew@scientificamerican.com,437-163-9359,1964
34,Candis Mattys,cmattysx@census.gov,495-370-7713,1965
35,Harcourt Shrigley,hshrigleyy@dropbox.com,787-287-7533,1957
36,Arthur Lilford,alilfordz@bbb.org,447-583-3737,1931
37,Nickie Le Marchant,nle10@bing.com,388-883-7170,1982
38,Alice Louis,alouis11@wufoo.com,589-382-3340,1963
39,Gisella Saile,gsaile12@mapy.cz,177-874-3033,1926
40,Jayne Vairow,jvairow13@blinklist.com,492-690-3647,1927
41,Dimitri Christou,dchristou14@globo.com,862-661-1140,1975
42,Gwenneth Pellissier,gpellissier15@sfgate.com,236-962-6114,1965
43,Shirlene Seale,sseale16@archive.org,288-645-7182,1926
44,Miguela Humm,mhumm17@howstuffworks.com,815-542-6110,1937
45,Halie Lacoste,hlacoste18@foxnews.com,786-887-2879,1942
46,Joey Dolton,jdolton19@hp.com,363-368-6200,1947
47,Kin Hawarden,khawarden1a@ustream.tv,726-674-9113,2006
48,Nissie Vasilchenko,nvasilchenko1b@desdev.cn,153-224-5273,1945
49,Rosanna Brandenberg,rbrandenberg1c@upenn.edu,399-131-3700,1944
50,Stanford Daniellot,sdaniellot1d@wired.com,371-631-8230,1988
51,Ivette Redmire,iredmire1e@theglobeandmail.com,904-856-5661,1942
52,Janice Cocks,jcocks1f@chicagotribune.com,198-984-1958,2007
53,Gwenneth Henrique,ghenrique1g@icio.us,735-481-0842,1997
54,Nolly Guntrip,nguntrip1h@ft.com,267-199-0948,1999
55,Angy Tesauro,atesauro1i@walmart.com,300-623-8255,1968
56,Debora Delves,ddelves1j@wordpress.org,596-727-8532,1945
57,Abey Bagg,abagg1k@eventbrite.com,230-914-2901,1986
58,Earl Vesty,evesty1l@stanford.edu,699-429-1353,1996
59,Theresina Giraldez,tgiraldez1m@epa.gov,878-596-0040,1977
60,Sindee Moden,smoden1n@mtv.com,636-656-3441,1987
61,Raf Borthe,rborthe1o@icq.com,431-645-4836,2015
62,Vernen Paslow,vpaslow1p@privacy.gov.au,741-972-7964,1981
63,Aveline Cookney,acookney1q@com.com,999-300-1506,1934
64,Nolan Macourek,nmacourek1r@bloglovin.com,679-480-5162,1957
65,Wandis Drewry,wdrewry1s@mayoclinic.com,334-491-9084,1948
66,Ivory Kelly,ikelly1t@sina.com.cn,290-132-4399,2000
67,Annalee Lafrentz,alafrentz1u@dmoz.org,578-982-2499,1977
68,Kean Johanning,kjohanning1v@so-net.ne.jp,393-630-0434,2023
69,Jackson Breach,jbreach1w@qq.com,142-545-8660,1994
70,Woody Luciani,wluciani1x@army.mil,250-704-1410,2010
71,Rosette O'Brien,robrien1y@dailymail.co.uk,612-777-8965,1978
72,Jud Walkden,jwalkden1z@blogspot.com,370-982-6428,1961
73,Costanza Souten,csouten20@homestead.com,757-281-2826,1967
74,Devonne Arrol,darrol21@cyberchimps.com,834-570-3079,1939
75,Jilli Barby,jbarby22@e-recht24.de,518-835-6335,2009
76,Base Goodship,bgoodship23@dyndns.org,787-478-2231,1943
77,Ruthi Verry,rverry24@discuz.net,612-732-4184,1959
78,Spence Paige,spaige25@youku.com,858-672-4440,1965
79,Julina Bubear,jbubear26@yelp.com,519-108-5515,1947
80,Erda Benneton,ebenneton27@deliciousdays.com,668-756-3730,2008
81,Mylo Sposito,msposito28@devhub.com,109-472-3651,1992
82,Noemi Malloy,nmalloy29@wikia.com,280-461-3864,1953
83,Erda Greening,egreening2a@free.fr,209-147-6600,1938
84,Steffane Berling,sberling2b@cnbc.com,727-975-2046,2020
85,Lynde Rowat,lrowat2c@cloudflare.com,684-580-4321,1967
86,Fedora Bartolomivis,fbartolomivis2d@comcast.net,777-151-4810,1942
87,Domini Matias,dmatias2e@dedecms.com,559-354-2697,2015
88,Amata Enga,aenga2f@ucla.edu,849-705-4324,1970
89,Reidar Larkcum,rlarkcum2g@bing.com,526-892-0432,1933
90,Bobbee Kiraly,bkiraly2h@linkedin.com,786-622-4328,1936
91,Matias O' Dornan,mo2i@unesco.org,830-732-7938,2020
92,Etta Escudier,eescudier2j@cbc.ca,933-792-6714,2013
93,Ingunna O'Nolan,ionolan2k@dell.com,606-944-0530,1986
94,Nataline Estcourt,nestcourt2l@so-net.ne.jp,669-930-7736,1990
95,Sharla Thomasen,sthomasen2m@virginia.edu,302-287-1368,1988
96,Adelaida Youhill,ayouhill2n@unc.edu,323-632-7063,2019
97,Ondrea Paolo,opaolo2o@mail.ru,695-864-9716,1991
98,Felipa Winks,fwinks2p@mlb.com,205-516-0737,1960
99,Cassi Geale,cgeale2q@drupal.org,558-748-3283,1978
100,Ciro Roscamps,croscamps2r@symantec.com,790-601-3833,1976
101,Donavon Rookeby,drookeby2s@geocities.com,352-537-3953,1996
102,Rollin Frances,rfrances2t@bravesites.com,815-457-8294,1971
103,Christye Klesl,cklesl2u@google.ca,153-376-6367,1926
104,Benoit Nano,bnano2v@posterous.com,522-951-5392,1990
105,Camila Bazelle,cbazelle2w@cmu.edu,315-567-0039,2004
106,Raviv Kelmere,rkelmere2x@narod.ru,231-315-0797,2006
107,Jerrold Danett,jdanett2y@bizjournals.com,898-260-0104,1940
108,Derron Stolting,dstolting2z@phpbb.com,663-594-7373,1942
109,Francklin Bondesen,fbondesen30@bizjournals.com,926-795-7414,1986
110,Annetta Boor,aboor31@independent.co.uk,885-159-1516,1987
111,Alden Lortz,alortz32@csmonitor.com,773-776-5550,2010
112,Efren Kilborn,ekilborn33@youku.com,878-730-1271,1929
113,Ozzie O'Hannigan,oohannigan34@zdnet.com,730-462-6827,1934
114,Benedicto Vernalls,bvernalls35@alibaba.com,243-118-7056,2003
115,Romeo Blatherwick,rblatherwick36@washington.edu,487-609-8544,1999
116,Em L'oiseau,eloiseau37@skype.com,689-663-1431,1978
117,Nissa Gyurko,ngyurko38@sciencedaily.com,280-608-9497,1929
118,Dorie Fossick,dfossick39@narod.ru,215-947-8274,2010
119,Jaclin Vears,jvears3a@skyrock.com,541-606-0538,2021
120,Cullan Beddis,cbeddis3b@fda.gov,360-729-9466,1981
121,Karoline Matis,kmatis3c@blogger.com,105-417-6407,1973
122,Curt Hegden,chegden3d@mediafire.com,369-738-7260,1947
123,Lavena Dyster,ldyster3e@jugem.jp,815-129-5950,1972
124,Kaylyn Hallybone,khallybone3f@sbwire.com,938-938-6443,1945
125,Even Pickles,epickles3g@uiuc.edu,637-815-4701,1936
126,Randi Gammell,rgammell3h@ucsd.edu,444-149-8968,1927
127,Kelcy Boldecke,kboldecke3i@usnews.com,959-296-8030,1933
128,Justina Gagin,jgagin3j@abc.net.au,202-222-3288,1979
129,Kinnie Jewers,kjewers3k@hostgator.com,947-692-9783,2020
130,Jarrett Brizell,jbrizell3l@barnesandnoble.com,878-282-6070,2015
131,Maible Backe,mbacke3m@chronoengine.com,435-943-3869,1967
132,Anabel Eagling,aeagling3n@ca.gov,464-783-5915,2022
133,Jakob Eliassen,jeliassen3o@census.gov,232-419-2214,1992
134,Nance MacIan,nmacian3p@360.cn,289-400-6382,1946
135,Danette Sarra,dsarra3q@tripod.com,732-692-4116,1975
136,Doti Berends,dberends3r@chron.com,189-157-6196,1958
137,Somerset McMarquis,smcmarquis3s@gravatar.com,271-241-4832,1959
138,Mel Neeve,mneeve3t@state.gov,889-320-4861,1956
139,Rosabelle Piggens,rpiggens3u@desdev.cn,567-877-0615,1996
140,Annabel Halpen,ahalpen3v@ifeng.com,312-952-6868,1931
141,Raye Gonneau,rgonneau3w@taobao.com,292-183-8168,1984
142,Joell Matelaitis,jmatelaitis3x@statcounter.com,165-217-6124,2017
143,Isabella Melloi,imelloi3y@mashable.com,809-552-7903,1988
144,Guglielmo Klimentov,gklimentov3z@fema.gov,100-391-5884,2016
145,Reina Batt,rbatt40@drupal.org,993-767-7013,1931
146,Penny Bembrick,pbembrick41@123-reg.co.uk,820-877-9610,1985
147,Suzann Jecock,sjecock42@google.co.uk,891-592-4390,1962
148,Prudi Piercy,ppiercy43@cbc.ca,905-848-7487,1948
149,Ralina Slay,rslay44@independent.co.uk,157-404-1190,2004
150,Leshia Eger,leger45@skype.com,225-729-2336,1949
151,Fianna Bixley,fbixley46@godaddy.com,356-666-1172,1999
152,Jarrad Zmitruk,jzmitruk47@who.int,224-162-2242,2021
153,Markus Jewkes,mjewkes48@statcounter.com,364-236-6886,2003
154,Win Ronaldson,wronaldson49@storify.com,359-736-9661,1994
155,Megen Ambrosio,mambrosio4a@fda.gov,340-107-0677,2019
156,Sidonia Petett,spetett4b@youtube.com,492-764-5372,2020
157,Audrye Laingmaid,alaingmaid4c@marketwatch.com,529-762-7281,2024
158,Raymund Batham,rbatham4d@liveinternet.ru,307-562-7197,1928
159,Margeaux Reyna,mreyna4e@slate.com,519-428-6044,1943
160,Lotta Willan,lwillan4f@statcounter.com,374-405-2460,1983
161,Damaris Huggill,dhuggill4g@smh.com.au,834-905-2851,1992
162,Cami Stennings,cstennings4h@engadget.com,682-335-7067,1979
163,Stefan Fannin,sfannin4i@twitter.com,148-252-1256,1991
164,Vickie Zisneros,vzisneros4j@pbs.org,137-158-2568,1971
165,Giusto Dobsons,gdobsons4k@tinyurl.com,851-365-1182,2006
166,Dennie Abbie,dabbie4l@mail.ru,512-137-2033,1976
167,Alysa Duffree,aduffree4m@upenn.edu,641-357-3167,1983
168,Laura Sparham,lsparham4n@techcrunch.com,203-406-5455,1990
169,Al Driver,adriver4o@harvard.edu,864-260-7465,1928
170,Clarita Arrighini,carrighini4p@g.co,269-842-8928,1999
171,Emalee Wiszniewski,ewiszniewski4q@microsoft.com,346-644-0480,1956
172,Breena Obispo,bobispo4r@seattletimes.com,515-230-3585,1967
173,Tish Ruddick,truddick4s@photobucket.com,639-153-7260,1961
174,Gretna Dwane,gdwane4t@cam.ac.uk,382-644-2038,1936
175,Denna Cescotti,dcescotti4u@bizjournals.com,219-781-1900,1928
176,Janek Rampage,jrampage4v@cam.ac.uk,842-839-4621,1932
177,Adele Chittim,achittim4w@princeton.edu,229-160-4570,2002
178,Genvieve Elmes,gelmes4x@edublogs.org,110-822-3372,1980
179,Erika Threlfall,ethrelfall4y@geocities.jp,555-525-3166,1978
180,Maxim Petrillo,mpetrillo4z@amazon.co.jp,646-180-8756,1981
181,Frazer Dearsley,fdearsley50@jimdo.com,950-450-0726,1933
182,Jewel Bell,jbell51@phpbb.com,950-125-0392,1949
183,Rhoda Winny,rwinny52@feedburner.com,298-277-1073,1987
184,Nico Alelsandrovich,nalelsandrovich53@reverbnation.com,776-178-3542,2012
185,Margaret Kemson,mkemson54@godaddy.com,625-571-0401,1929
186,Findlay Lipsett,flipsett55@merriam-webster.com,659-291-4827,1949
187,Merilyn Willgoose,mwillgoose56@free.fr,969-854-5658,1956
188,Johan Pelfer,jpelfer57@amazon.co.uk,458-998-2387,1929
189,Niles Quaif,nquaif58@topsy.com,489-877-6795,1964
190,Rubi Lammenga,rlammenga59@hostgator.com,186-983-8360,1968
191,Gunilla Redmille,gredmille5a@multiply.com,599-260-7837,1982
192,Reina Webborn,rwebborn5b@123-reg.co.uk,236-531-9207,1927
193,Elna Demsey,edemsey5c@bigcartel.com,976-814-5340,1951
194,Remus Pestridge,rpestridge5d@imdb.com,965-984-6499,1994
195,Winnie Adhams,wadhams5e@google.pl,815-833-4639,1971
196,Torrey Wurst,twurst5f@wordpress.org,264-617-2050,1959
197,Forrest Forker,fforker5g@opera.com,103-708-9769,1932
198,Dasya Lodin,dlodin5h@abc.net.au,439-471-9986,1971
199,Mortimer Lathwell,mlathwell5i@jugem.jp,689-582-9119,1957
200,Donny Wraight,dwraight5j@vistaprint.com,480-423-9211,1968
